[{"storeID":98046,"salesPersonID":23,"CdID":654123,"pricePaid":5,"date":"4/17/2023, 9:49:35 PM"},{"storeID":98011,"salesPersonID":20,"CdID":354126,"pricePaid":11,"date":"4/17/2023, 9:50:04 PM"},{"storeID":98053,"salesPersonID":3,"CdID":123456,"pricePaid":9,"date":"4/17/2023, 9:49:44 PM"},{"storeID":98046,"salesPersonID":21,"CdID":123456,"pricePaid":7,"date":"4/17/2023, 9:49:57 PM"},{"storeID":98007,"salesPersonID":5,"CdID":654123,"pricePaid":19,"date":"4/17/2023, 9:50:03 PM"},{"storeID":98053,"salesPersonID":1,"CdID":321654,"pricePaid":15,"date":"4/17/2023, 9:49:44 PM"},{"storeID":98055,"salesPersonID":16,"CdID":654321,"pricePaid":17,"date":"4/17/2023, 9:49:37 PM"},{"storeID":98055,"salesPersonID":15,"CdID":621453,"pricePaid":5,"date":"4/17/2023, 9:49:59 PM"},{"storeID":98053,"salesPersonID":3,"CdID":321654,"pricePaid":5,"date":"4/17/2023, 9:49:49 PM"},{"storeID":98011,"salesPersonID":19,"CdID":621453,"pricePaid":18,"date":"4/17/2023, 9:50:04 PM"},{"storeID":98053,"salesPersonID":4,"CdID":354126,"pricePaid":13,"date":"4/17/2023, 9:49:56 PM"},{"storeID":98053,"salesPersonID":3,"CdID":654321,"pricePaid":5,"date":"4/17/2023, 9:49:57 PM"},{"storeID":98055,"salesPersonID":13,"CdID":321456,"pricePaid":15,"date":"4/17/2023, 9:49:42 PM"},{"storeID":98007,"salesPersonID":7,"CdID":321456,"pricePaid":10,"date":"4/17/2023, 9:49:43 PM"},{"storeID":98077,"salesPersonID":10,"CdID":321456,"pricePaid":8,"date":"4/17/2023, 9:49:55 PM"},{"storeID":98046,"salesPersonID":21,"CdID":123654,"pricePaid":16,"date":"4/17/2023, 9:50:01 PM"},{"storeID":98046,"salesPersonID":21,"CdID":543216,"pricePaid":12,"date":"4/17/2023, 9:50:00 PM"},{"storeID":98046,"salesPersonID":24,"CdID":623451,"pricePaid":6,"date":"4/17/2023, 9:50:01 PM"},{"storeID":98055,"salesPersonID":15,"CdID":321456,"pricePaid":12,"date":"4/17/2023, 9:49:56 PM"},{"storeID":98077,"salesPersonID":11,"CdID":321456,"pricePaid":16,"date":"4/17/2023, 9:49:42 PM"},{"storeID":98046,"salesPersonID":24,"CdID":321456,"pricePaid":18,"date":"4/17/2023, 9:49:42 PM"},{"storeID":98011,"salesPersonID":18,"CdID":543216,"pricePaid":8,"date":"4/17/2023, 9:49:47 PM"},{"storeID":98077,"salesPersonID":12,"CdID":123456,"pricePaid":13,"date":"4/17/2023, 9:49:49 PM"},{"storeID":98055,"salesPersonID":13,"CdID":123456,"pricePaid":13,"date":"4/17/2023, 9:49:44 PM"},{"storeID":98053,"salesPersonID":2,"CdID":654321,"pricePaid":11,"date":"4/17/2023, 9:49:41 PM"},{"storeID":98046,"salesPersonID":23,"CdID":621453,"pricePaid":16,"date":"4/17/2023, 9:49:56 PM"},{"storeID":98053,"salesPersonID":1,"CdID":123456,"pricePaid":12,"date":"4/17/2023, 9:49:44 PM"},{"storeID":98007,"salesPersonID":8,"CdID":123456,"pricePaid":6,"date":"4/17/2023, 9:49:59 PM"},{"storeID":98011,"salesPersonID":20,"CdID":621453,"pricePaid":16,"date":"4/17/2023, 9:49:43 PM"},{"storeID":98053,"salesPersonID":3,"CdID":654123,"pricePaid":9,"date":"4/17/2023, 9:49:58 PM"},{"storeID":98077,"salesPersonID":12,"CdID":621453,"pricePaid":12,"date":"4/17/2023, 9:49:57 PM"},{"storeID":98011,"salesPersonID":17,"CdID":654321,"pricePaid":8,"date":"4/17/2023, 9:49:38 PM"},{"storeID":98011,"salesPersonID":18,"CdID":321654,"pricePaid":5,"date":"4/17/2023, 9:49:37 PM"},{"storeID":98046,"salesPersonID":23,"CdID":543216,"pricePaid":9,"date":"4/17/2023, 9:50:04 PM"},{"storeID":98055,"salesPersonID":14,"CdID":354126,"pricePaid":18,"date":"4/17/2023, 9:49:46 PM"},{"storeID":98053,"salesPersonID":1,"CdID":123654,"pricePaid":13,"date":"4/17/2023, 9:49:43 PM"},{"storeID":98007,"salesPersonID":7,"CdID":354126,"pricePaid":18,"date":"4/17/2023, 9:49:45 PM"},{"storeID":98053,"salesPersonID":2,"CdID":354126,"pricePaid":7,"date":"4/17/2023, 9:49:43 PM"},{"storeID":98007,"salesPersonID":8,"CdID":623451,"pricePaid":7,"date":"4/17/2023, 9:49:39 PM"},{"storeID":98055,"salesPersonID":16,"CdID":623451,"pricePaid":6,"date":"4/17/2023, 9:49:39 PM"},{"storeID":98011,"salesPersonID":20,"CdID":654123,"pricePaid":7,"date":"4/17/2023, 9:50:03 PM"},{"storeID":98053,"salesPersonID":4,"CdID":321654,"pricePaid":10,"date":"4/17/2023, 9:49:43 PM"},{"storeID":98077,"salesPersonID":12,"CdID":321654,"pricePaid":11,"date":"4/17/2023, 9:49:49 PM"},{"storeID":98055,"salesPersonID":15,"CdID":654321,"pricePaid":6,"date":"4/17/2023, 9:49:56 PM"},{"storeID":98077,"salesPersonID":12,"CdID":321654,"pricePaid":13,"date":"4/17/2023, 9:49:51 PM"},{"storeID":98077,"salesPersonID":12,"CdID":543216,"pricePaid":12,"date":"4/17/2023, 9:49:41 PM"},{"storeID":98053,"salesPersonID":4,"CdID":354126,"pricePaid":18,"date":"4/17/2023, 9:49:40 PM"},{"storeID":98046,"salesPersonID":22,"CdID":354126,"pricePaid":15,"date":"4/17/2023, 9:49:36 PM"},{"storeID":98055,"salesPersonID":16,"CdID":654321,"pricePaid":6,"date":"4/17/2023, 9:49:36 PM"},{"storeID":98053,"salesPersonID":2,"CdID":654321,"pricePaid":19,"date":"4/17/2023, 9:49:46 PM"},{"storeID":98007,"salesPersonID":5,"CdID":123456,"pricePaid":19,"date":"4/17/2023, 9:49:35 PM"},{"storeID":98007,"salesPersonID":6,"CdID":654123,"pricePaid":8,"date":"4/17/2023, 9:49:43 PM"},{"storeID":98007,"salesPersonID":5,"CdID":321654,"pricePaid":16,"date":"4/17/2023, 9:49:38 PM"},{"storeID":98046,"salesPersonID":22,"CdID":654321,"pricePaid":16,"date":"4/17/2023, 9:49:55 PM"},{"storeID":98011,"salesPersonID":17,"CdID":123654,"pricePaid":18,"date":"4/17/2023, 9:49:39 PM"},{"storeID":98011,"salesPersonID":17,"CdID":354126,"pricePaid":13,"date":"4/17/2023, 9:49:35 PM"},{"storeID":98046,"salesPersonID":23,"CdID":354126,"pricePaid":6,"date":"4/17/2023, 9:49:58 PM"},{"storeID":98077,"salesPersonID":11,"CdID":123456,"pricePaid":12,"date":"4/17/2023, 9:49:54 PM"},{"storeID":98053,"salesPersonID":4,"CdID":123456,"pricePaid":5,"date":"4/17/2023, 9:49:57 PM"},{"storeID":98053,"salesPersonID":1,"CdID":623451,"pricePaid":8,"date":"4/17/2023, 9:50:01 PM"},{"storeID":98077,"salesPersonID":9,"CdID":123654,"pricePaid":16,"date":"4/17/2023, 9:49:44 PM"},{"storeID":98011,"salesPersonID":18,"CdID":123654,"pricePaid":8,"date":"4/17/2023, 9:49:58 PM"},{"storeID":98055,"salesPersonID":14,"CdID":543216,"pricePaid":18,"date":"4/17/2023, 9:49:36 PM"},{"storeID":98077,"salesPersonID":10,"CdID":354126,"pricePaid":12,"date":"4/17/2023, 9:50:02 PM"},{"storeID":98055,"salesPersonID":15,"CdID":654123,"pricePaid":17,"date":"4/17/2023, 9:49:51 PM"},{"storeID":98007,"salesPersonID":5,"CdID":543216,"pricePaid":13,"date":"4/17/2023, 9:49:56 PM"},{"storeID":98053,"salesPersonID":3,"CdID":621453,"pricePaid":18,"date":"4/17/2023, 9:49:37 PM"},{"storeID":98046,"salesPersonID":22,"CdID":321456,"pricePaid":10,"date":"4/17/2023, 9:49:49 PM"},{"storeID":98011,"salesPersonID":18,"CdID":354126,"pricePaid":12,"date":"4/17/2023, 9:49:52 PM"},{"storeID":98011,"salesPersonID":18,"CdID":623451,"pricePaid":16,"date":"4/17/2023, 9:49:36 PM"},{"storeID":98077,"salesPersonID":12,"CdID":123654,"pricePaid":15,"date":"4/17/2023, 9:49:52 PM"},{"storeID":98077,"salesPersonID":9,"CdID":321654,"pricePaid":17,"date":"4/17/2023, 9:49:37 PM"},{"storeID":98053,"salesPersonID":3,"CdID":654321,"pricePaid":13,"date":"4/17/2023, 9:49:37 PM"},{"storeID":98055,"salesPersonID":16,"CdID":354126,"pricePaid":15,"date":"4/17/2023, 9:49:59 PM"},{"storeID":98007,"salesPersonID":7,"CdID":321654,"pricePaid":6,"date":"4/17/2023, 9:50:05 PM"},{"storeID":98011,"salesPersonID":19,"CdID":321654,"pricePaid":19,"date":"4/17/2023, 9:49:41 PM"},{"storeID":98077,"salesPersonID":12,"CdID":123456,"pricePaid":9,"date":"4/17/2023, 9:49:38 PM"},{"storeID":98077,"salesPersonID":11,"CdID":623451,"pricePaid":16,"date":"4/17/2023, 9:49:35 PM"},{"storeID":98053,"salesPersonID":2,"CdID":123456,"pricePaid":13,"date":"4/17/2023, 9:49:44 PM"},{"storeID":98007,"salesPersonID":8,"CdID":621453,"pricePaid":19,"date":"4/17/2023, 9:49:58 PM"},{"storeID":98053,"salesPersonID":2,"CdID":354126,"pricePaid":10,"date":"4/17/2023, 9:49:47 PM"},{"storeID":98046,"salesPersonID":23,"CdID":654321,"pricePaid":8,"date":"4/17/2023, 9:49:36 PM"},{"storeID":98055,"salesPersonID":16,"CdID":654321,"pricePaid":15,"date":"4/17/2023, 9:50:04 PM"},{"storeID":98055,"salesPersonID":16,"CdID":623451,"pricePaid":10,"date":"4/17/2023, 9:49:54 PM"},{"storeID":98046,"salesPersonID":23,"CdID":354126,"pricePaid":11,"date":"4/17/2023, 9:49:39 PM"},{"storeID":98046,"salesPersonID":21,"CdID":321654,"pricePaid":8,"date":"4/17/2023, 9:49:44 PM"},{"storeID":98007,"salesPersonID":6,"CdID":123456,"pricePaid":14,"date":"4/17/2023, 9:50:01 PM"},{"storeID":98055,"salesPersonID":16,"CdID":543216,"pricePaid":13,"date":"4/17/2023, 9:49:49 PM"},{"storeID":98077,"salesPersonID":12,"CdID":123654,"pricePaid":6,"date":"4/17/2023, 9:50:03 PM"},{"storeID":98053,"salesPersonID":4,"CdID":654123,"pricePaid":14,"date":"4/17/2023, 9:49:44 PM"},{"storeID":98053,"salesPersonID":1,"CdID":621453,"pricePaid":17,"date":"4/17/2023, 9:49:45 PM"},{"storeID":98055,"salesPersonID":13,"CdID":543216,"pricePaid":18,"date":"4/17/2023, 9:49:53 PM"},{"storeID":98046,"salesPersonID":22,"CdID":321654,"pricePaid":8,"date":"4/17/2023, 9:50:05 PM"},{"storeID":98011,"salesPersonID":18,"CdID":354126,"pricePaid":14,"date":"4/17/2023, 9:49:53 PM"},{"storeID":98011,"salesPersonID":17,"CdID":123654,"pricePaid":5,"date":"4/17/2023, 9:49:44 PM"},{"storeID":98053,"salesPersonID":4,"CdID":654321,"pricePaid":19,"date":"4/17/2023, 9:49:54 PM"},{"storeID":98011,"salesPersonID":19,"CdID":123654,"pricePaid":15,"date":"4/17/2023, 9:49:44 PM"},{"storeID":98055,"salesPersonID":13,"CdID":123456,"pricePaid":10,"date":"4/17/2023, 9:50:01 PM"},{"storeID":98055,"salesPersonID":13,"CdID":321456,"pricePaid":17,"date":"4/17/2023, 9:49:48 PM"},{"storeID":98055,"salesPersonID":15,"CdID":321456,"pricePaid":15,"date":"4/17/2023, 9:49:48 PM"},{"storeID":98011,"salesPersonID":18,"CdID":123654,"pricePaid":14,"date":"4/17/2023, 9:49:42 PM"},{"storeID":98046,"salesPersonID":21,"CdID":354126,"pricePaid":13,"date":"4/17/2023, 9:49:38 PM"},{"storeID":98011,"salesPersonID":20,"CdID":621453,"pricePaid":9,"date":"4/17/2023, 9:49:51 PM"},{"storeID":98011,"salesPersonID":18,"CdID":654321,"pricePaid":19,"date":"4/17/2023, 9:49:59 PM"},{"storeID":98077,"salesPersonID":11,"CdID":123654,"pricePaid":15,"date":"4/17/2023, 9:49:44 PM"},{"storeID":98053,"salesPersonID":2,"CdID":543216,"pricePaid":9,"date":"4/17/2023, 9:50:02 PM"},{"storeID":98077,"salesPersonID":12,"CdID":654321,"pricePaid":18,"date":"4/17/2023, 9:49:49 PM"},{"storeID":98046,"salesPersonID":23,"CdID":354126,"pricePaid":14,"date":"4/17/2023, 9:50:00 PM"},{"storeID":98011,"salesPersonID":17,"CdID":321654,"pricePaid":17,"date":"4/17/2023, 9:49:49 PM"},{"storeID":98011,"salesPersonID":17,"CdID":654123,"pricePaid":12,"date":"4/17/2023, 9:49:48 PM"},{"storeID":98046,"salesPersonID":24,"CdID":321456,"pricePaid":13,"date":"4/17/2023, 9:49:38 PM"},{"storeID":98046,"salesPersonID":22,"CdID":123654,"pricePaid":12,"date":"4/17/2023, 9:49:43 PM"},{"storeID":98007,"salesPersonID":6,"CdID":321654,"pricePaid":16,"date":"4/17/2023, 9:49:43 PM"},{"storeID":98077,"salesPersonID":10,"CdID":354126,"pricePaid":5,"date":"4/17/2023, 9:49:59 PM"},{"storeID":98046,"salesPersonID":22,"CdID":123456,"pricePaid":10,"date":"4/17/2023, 9:50:04 PM"},{"storeID":98055,"salesPersonID":15,"CdID":654321,"pricePaid":17,"date":"4/17/2023, 9:49:52 PM"},{"storeID":98053,"salesPersonID":3,"CdID":123654,"pricePaid":5,"date":"4/17/2023, 9:50:01 PM"},{"storeID":98055,"salesPersonID":16,"CdID":123654,"pricePaid":12,"date":"4/17/2023, 9:49:59 PM"},{"storeID":98007,"salesPersonID":5,"CdID":654123,"pricePaid":15,"date":"4/17/2023, 9:49:36 PM"},{"storeID":98007,"salesPersonID":5,"CdID":543216,"pricePaid":6,"date":"4/17/2023, 9:49:41 PM"},{"storeID":98046,"salesPersonID":22,"CdID":621453,"pricePaid":15,"date":"4/17/2023, 9:49:49 PM"},{"storeID":98007,"salesPersonID":8,"CdID":321654,"pricePaid":17,"date":"4/17/2023, 9:50:01 PM"},{"storeID":98046,"salesPersonID":24,"CdID":123654,"pricePaid":6,"date":"4/17/2023, 9:49:41 PM"},{"storeID":98055,"salesPersonID":14,"CdID":623451,"pricePaid":7,"date":"4/17/2023, 9:49:41 PM"},{"storeID":98011,"salesPersonID":17,"CdID":543216,"pricePaid":14,"date":"4/17/2023, 9:49:58 PM"},{"storeID":98055,"salesPersonID":13,"CdID":654321,"pricePaid":8,"date":"4/17/2023, 9:49:48 PM"},{"storeID":98007,"salesPersonID":6,"CdID":123654,"pricePaid":10,"date":"4/17/2023, 9:50:02 PM"},{"storeID":98055,"salesPersonID":13,"CdID":623451,"pricePaid":14,"date":"4/17/2023, 9:49:44 PM"},{"storeID":98053,"salesPersonID":3,"CdID":321456,"pricePaid":15,"date":"4/17/2023, 9:49:42 PM"},{"storeID":98077,"salesPersonID":12,"CdID":621453,"pricePaid":12,"date":"4/17/2023, 9:50:04 PM"},{"storeID":98077,"salesPersonID":10,"CdID":623451,"pricePaid":10,"date":"4/17/2023, 9:50:02 PM"},{"storeID":98055,"salesPersonID":13,"CdID":321654,"pricePaid":13,"date":"4/17/2023, 9:49:48 PM"},{"storeID":98007,"salesPersonID":6,"CdID":654321,"pricePaid":5,"date":"4/17/2023, 9:49:49 PM"},{"storeID":98011,"salesPersonID":18,"CdID":123654,"pricePaid":14,"date":"4/17/2023, 9:49:42 PM"},{"storeID":98011,"salesPersonID":17,"CdID":123654,"pricePaid":15,"date":"4/17/2023, 9:49:50 PM"},{"storeID":98007,"salesPersonID":6,"CdID":654321,"pricePaid":11,"date":"4/17/2023, 9:50:05 PM"},{"storeID":98007,"salesPersonID":8,"CdID":543216,"pricePaid":16,"date":"4/17/2023, 9:50:02 PM"},{"storeID":98053,"salesPersonID":4,"CdID":321654,"pricePaid":15,"date":"4/17/2023, 9:50:03 PM"},{"storeID":98007,"salesPersonID":6,"CdID":321654,"pricePaid":7,"date":"4/17/2023, 9:49:49 PM"},{"storeID":98053,"salesPersonID":3,"CdID":321456,"pricePaid":18,"date":"4/17/2023, 9:49:50 PM"},{"storeID":98046,"salesPersonID":22,"CdID":354126,"pricePaid":7,"date":"4/17/2023, 9:49:47 PM"},{"storeID":98046,"salesPersonID":24,"CdID":123654,"pricePaid":18,"date":"4/17/2023, 9:49:35 PM"},{"storeID":98046,"salesPersonID":22,"CdID":654321,"pricePaid":7,"date":"4/17/2023, 9:50:01 PM"},{"storeID":98055,"salesPersonID":13,"CdID":123456,"pricePaid":13,"date":"4/17/2023, 9:49:51 PM"},{"storeID":98077,"salesPersonID":11,"CdID":623451,"pricePaid":9,"date":"4/17/2023, 9:49:58 PM"},{"storeID":98011,"salesPersonID":20,"CdID":354126,"pricePaid":11,"date":"4/17/2023, 9:49:39 PM"},{"storeID":98007,"salesPersonID":5,"CdID":354126,"pricePaid":5,"date":"4/17/2023, 9:49:38 PM"},{"storeID":98077,"salesPersonID":10,"CdID":654123,"pricePaid":18,"date":"4/17/2023, 9:49:42 PM"},{"storeID":98007,"salesPersonID":5,"CdID":543216,"pricePaid":8,"date":"4/17/2023, 9:50:01 PM"},{"storeID":98011,"salesPersonID":19,"CdID":123456,"pricePaid":5,"date":"4/17/2023, 9:49:47 PM"},{"storeID":98046,"salesPersonID":23,"CdID":354126,"pricePaid":14,"date":"4/17/2023, 9:49:54 PM"},{"storeID":98053,"salesPersonID":4,"CdID":623451,"pricePaid":8,"date":"4/17/2023, 9:49:46 PM"},{"storeID":98077,"salesPersonID":10,"CdID":654321,"pricePaid":19,"date":"4/17/2023, 9:49:51 PM"},{"storeID":98053,"salesPersonID":2,"CdID":321654,"pricePaid":8,"date":"4/17/2023, 9:49:56 PM"},{"storeID":98007,"salesPersonID":7,"CdID":123654,"pricePaid":9,"date":"4/17/2023, 9:49:42 PM"},{"storeID":98077,"salesPersonID":12,"CdID":654321,"pricePaid":19,"date":"4/17/2023, 9:50:03 PM"},{"storeID":98055,"salesPersonID":15,"CdID":321654,"pricePaid":11,"date":"4/17/2023, 9:49:39 PM"},{"storeID":98053,"salesPersonID":2,"CdID":354126,"pricePaid":18,"date":"4/17/2023, 9:49:47 PM"},{"storeID":98077,"salesPersonID":12,"CdID":654321,"pricePaid":11,"date":"4/17/2023, 9:49:58 PM"},{"storeID":98053,"salesPersonID":4,"CdID":623451,"pricePaid":9,"date":"4/17/2023, 9:49:41 PM"},{"storeID":98046,"salesPersonID":21,"CdID":623451,"pricePaid":16,"date":"4/17/2023, 9:49:50 PM"},{"storeID":98053,"salesPersonID":2,"CdID":123654,"pricePaid":18,"date":"4/17/2023, 9:50:01 PM"},{"storeID":98053,"salesPersonID":4,"CdID":354126,"pricePaid":8,"date":"4/17/2023, 9:49:48 PM"},{"storeID":98046,"salesPersonID":23,"CdID":354126,"pricePaid":15,"date":"4/17/2023, 9:49:51 PM"},{"storeID":98011,"salesPersonID":18,"CdID":654123,"pricePaid":8,"date":"4/17/2023, 9:49:55 PM"},{"storeID":98077,"salesPersonID":12,"CdID":543216,"pricePaid":14,"date":"4/17/2023, 9:50:00 PM"},{"storeID":98055,"salesPersonID":13,"CdID":621453,"pricePaid":11,"date":"4/17/2023, 9:49:54 PM"},{"storeID":98055,"salesPersonID":13,"CdID":543216,"pricePaid":16,"date":"4/17/2023, 9:49:50 PM"},{"storeID":98007,"salesPersonID":7,"CdID":621453,"pricePaid":14,"date":"4/17/2023, 9:49:43 PM"},{"storeID":98053,"salesPersonID":4,"CdID":654123,"pricePaid":16,"date":"4/17/2023, 9:49:40 PM"},{"storeID":98053,"salesPersonID":3,"CdID":623451,"pricePaid":11,"date":"4/17/2023, 9:49:55 PM"},{"storeID":98011,"salesPersonID":17,"CdID":543216,"pricePaid":10,"date":"4/17/2023, 9:49:57 PM"},{"storeID":98053,"salesPersonID":1,"CdID":654123,"pricePaid":8,"date":"4/17/2023, 9:49:37 PM"},{"storeID":98046,"salesPersonID":24,"CdID":354126,"pricePaid":16,"date":"4/17/2023, 9:49:38 PM"},{"storeID":98011,"salesPersonID":17,"CdID":623451,"pricePaid":8,"date":"4/17/2023, 9:49:52 PM"},{"storeID":98053,"salesPersonID":1,"CdID":354126,"pricePaid":15,"date":"4/17/2023, 9:49:53 PM"},{"storeID":98011,"salesPersonID":18,"CdID":621453,"pricePaid":10,"date":"4/17/2023, 9:49:39 PM"},{"storeID":98053,"salesPersonID":1,"CdID":654321,"pricePaid":5,"date":"4/17/2023, 9:49:46 PM"},{"storeID":98046,"salesPersonID":24,"CdID":123654,"pricePaid":8,"date":"4/17/2023, 9:49:55 PM"},{"storeID":98077,"salesPersonID":12,"CdID":543216,"pricePaid":17,"date":"4/17/2023, 9:49:47 PM"},{"storeID":98046,"salesPersonID":22,"CdID":123456,"pricePaid":19,"date":"4/17/2023, 9:50:00 PM"},{"storeID":98053,"salesPersonID":1,"CdID":123654,"pricePaid":10,"date":"4/17/2023, 9:49:59 PM"},{"storeID":98055,"salesPersonID":15,"CdID":321456,"pricePaid":10,"date":"4/17/2023, 9:49:37 PM"},{"storeID":98053,"salesPersonID":4,"CdID":354126,"pricePaid":16,"date":"4/17/2023, 9:49:59 PM"},{"storeID":98055,"salesPersonID":13,"CdID":654123,"pricePaid":10,"date":"4/17/2023, 9:49:56 PM"},{"storeID":98046,"salesPersonID":21,"CdID":321456,"pricePaid":9,"date":"4/17/2023, 9:50:04 PM"},{"storeID":98046,"salesPersonID":21,"CdID":654123,"pricePaid":8,"date":"4/17/2023, 9:49:52 PM"},{"storeID":98046,"salesPersonID":24,"CdID":621453,"pricePaid":5,"date":"4/17/2023, 9:49:43 PM"},{"storeID":98077,"salesPersonID":10,"CdID":623451,"pricePaid":11,"date":"4/17/2023, 9:50:03 PM"},{"storeID":98011,"salesPersonID":18,"CdID":321654,"pricePaid":15,"date":"4/17/2023, 9:49:54 PM"},{"storeID":98011,"salesPersonID":17,"CdID":623451,"pricePaid":12,"date":"4/17/2023, 9:49:49 PM"},{"storeID":98046,"salesPersonID":21,"CdID":623451,"pricePaid":5,"date":"4/17/2023, 9:50:02 PM"},{"storeID":98055,"salesPersonID":13,"CdID":623451,"pricePaid":14,"date":"4/17/2023, 9:49:56 PM"},{"storeID":98046,"salesPersonID":24,"CdID":321456,"pricePaid":10,"date":"4/17/2023, 9:49:37 PM"},{"storeID":98007,"salesPersonID":5,"CdID":321654,"pricePaid":18,"date":"4/17/2023, 9:50:04 PM"},{"storeID":98007,"salesPersonID":6,"CdID":543216,"pricePaid":9,"date":"4/17/2023, 9:49:46 PM"},{"storeID":98046,"salesPersonID":22,"CdID":123456,"pricePaid":11,"date":"4/17/2023, 9:49:49 PM"},{"storeID":98046,"salesPersonID":22,"CdID":354126,"pricePaid":19,"date":"4/17/2023, 9:49:45 PM"},{"storeID":98077,"salesPersonID":9,"CdID":654123,"pricePaid":15,"date":"4/17/2023, 9:49:48 PM"},{"storeID":98007,"salesPersonID":6,"CdID":654321,"pricePaid":16,"date":"4/17/2023, 9:49:42 PM"},{"storeID":98046,"salesPersonID":23,"CdID":654321,"pricePaid":11,"date":"4/17/2023, 9:49:53 PM"},{"storeID":98011,"salesPersonID":17,"CdID":654123,"pricePaid":15,"date":"4/17/2023, 9:49:36 PM"},{"storeID":98055,"salesPersonID":15,"CdID":123456,"pricePaid":10,"date":"4/17/2023, 9:49:42 PM"},{"storeID":98053,"salesPersonID":4,"CdID":123654,"pricePaid":18,"date":"4/17/2023, 9:49:43 PM"},{"storeID":98077,"salesPersonID":11,"CdID":123654,"pricePaid":17,"date":"4/17/2023, 9:49:42 PM"},{"storeID":98007,"salesPersonID":8,"CdID":654123,"pricePaid":11,"date":"4/17/2023, 9:49:49 PM"},{"storeID":98053,"salesPersonID":1,"CdID":623451,"pricePaid":18,"date":"4/17/2023, 9:49:55 PM"},{"storeID":98046,"salesPersonID":23,"CdID":354126,"pricePaid":5,"date":"4/17/2023, 9:49:39 PM"},{"storeID":98011,"salesPersonID":17,"CdID":123456,"pricePaid":8,"date":"4/17/2023, 9:49:36 PM"},{"storeID":98077,"salesPersonID":10,"CdID":621453,"pricePaid":19,"date":"4/17/2023, 9:50:03 PM"},{"storeID":98077,"salesPersonID":11,"CdID":123456,"pricePaid":10,"date":"4/17/2023, 9:49:36 PM"},{"storeID":98007,"salesPersonID":7,"CdID":623451,"pricePaid":14,"date":"4/17/2023, 9:49:52 PM"},{"storeID":98077,"salesPersonID":9,"CdID":123654,"pricePaid":19,"date":"4/17/2023, 9:49:39 PM"},{"storeID":98055,"salesPersonID":15,"CdID":654123,"pricePaid":16,"date":"4/17/2023, 9:49:38 PM"},{"storeID":98046,"salesPersonID":21,"CdID":354126,"pricePaid":12,"date":"4/17/2023, 9:50:02 PM"},{"storeID":98011,"salesPersonID":17,"CdID":123456,"pricePaid":10,"date":"4/17/2023, 9:49:40 PM"},{"storeID":98053,"salesPersonID":1,"CdID":123456,"pricePaid":7,"date":"4/17/2023, 9:49:55 PM"},{"storeID":98011,"salesPersonID":20,"CdID":123456,"pricePaid":14,"date":"4/17/2023, 9:49:55 PM"},{"storeID":98046,"salesPersonID":22,"CdID":123456,"pricePaid":13,"date":"4/17/2023, 9:49:51 PM"},{"storeID":98077,"salesPersonID":10,"CdID":123456,"pricePaid":12,"date":"4/17/2023, 9:49:58 PM"},{"storeID":98053,"salesPersonID":2,"CdID":354126,"pricePaid":19,"date":"4/17/2023, 9:50:03 PM"},{"storeID":98053,"salesPersonID":1,"CdID":354126,"pricePaid":6,"date":"4/17/2023, 9:49:52 PM"},{"storeID":98007,"salesPersonID":8,"CdID":321456,"pricePaid":14,"date":"4/17/2023, 9:49:46 PM"},{"storeID":98046,"salesPersonID":23,"CdID":321654,"pricePaid":19,"date":"4/17/2023, 9:49:38 PM"},{"storeID":98007,"salesPersonID":8,"CdID":354126,"pricePaid":15,"date":"4/17/2023, 9:49:43 PM"},{"storeID":98053,"salesPersonID":1,"CdID":321456,"pricePaid":16,"date":"4/17/2023, 9:50:00 PM"},{"storeID":98055,"salesPersonID":16,"CdID":654123,"pricePaid":14,"date":"4/17/2023, 9:49:47 PM"},{"storeID":98011,"salesPersonID":20,"CdID":321654,"pricePaid":17,"date":"4/17/2023, 9:49:42 PM"},{"storeID":98055,"salesPersonID":14,"CdID":621453,"pricePaid":8,"date":"4/17/2023, 9:50:01 PM"},{"storeID":98053,"salesPersonID":4,"CdID":123456,"pricePaid":7,"date":"4/17/2023, 9:49:49 PM"},{"storeID":98055,"salesPersonID":14,"CdID":321456,"pricePaid":6,"date":"4/17/2023, 9:49:52 PM"},{"storeID":98011,"salesPersonID":18,"CdID":621453,"pricePaid":15,"date":"4/17/2023, 9:49:56 PM"},{"storeID":98007,"salesPersonID":6,"CdID":354126,"pricePaid":16,"date":"4/17/2023, 9:49:58 PM"},{"storeID":98077,"salesPersonID":12,"CdID":123654,"pricePaid":6,"date":"4/17/2023, 9:49:46 PM"},{"storeID":98053,"salesPersonID":1,"CdID":123456,"pricePaid":15,"date":"4/17/2023, 9:49:38 PM"},{"storeID":98011,"salesPersonID":19,"CdID":654123,"pricePaid":18,"date":"4/17/2023, 9:49:55 PM"},{"storeID":98055,"salesPersonID":15,"CdID":123654,"pricePaid":9,"date":"4/17/2023, 9:49:59 PM"},{"storeID":98007,"salesPersonID":6,"CdID":321456,"pricePaid":15,"date":"4/17/2023, 9:50:04 PM"},{"storeID":98055,"salesPersonID":15,"CdID":354126,"pricePaid":18,"date":"4/17/2023, 9:50:00 PM"},{"storeID":98053,"salesPersonID":1,"CdID":321456,"pricePaid":10,"date":"4/17/2023, 9:49:44 PM"},{"storeID":98011,"salesPersonID":20,"CdID":123456,"pricePaid":14,"date":"4/17/2023, 9:49:46 PM"},{"storeID":98077,"salesPersonID":12,"CdID":654321,"pricePaid":14,"date":"4/17/2023, 9:49:37 PM"},{"storeID":98077,"salesPersonID":12,"CdID":354126,"pricePaid":16,"date":"4/17/2023, 9:49:55 PM"},{"storeID":98077,"salesPersonID":12,"CdID":123456,"pricePaid":18,"date":"4/17/2023, 9:49:37 PM"},{"storeID":98046,"salesPersonID":23,"CdID":321456,"pricePaid":14,"date":"4/17/2023, 9:49:48 PM"},{"storeID":98055,"salesPersonID":13,"CdID":654123,"pricePaid":9,"date":"4/17/2023, 9:49:56 PM"},{"storeID":98055,"salesPersonID":16,"CdID":321456,"pricePaid":9,"date":"4/17/2023, 9:49:35 PM"},{"storeID":98046,"salesPersonID":24,"CdID":623451,"pricePaid":6,"date":"4/17/2023, 9:49:56 PM"},{"storeID":98053,"salesPersonID":1,"CdID":321654,"pricePaid":13,"date":"4/17/2023, 9:49:35 PM"},{"storeID":98077,"salesPersonID":10,"CdID":621453,"pricePaid":8,"date":"4/17/2023, 9:49:36 PM"},{"storeID":98007,"salesPersonID":6,"CdID":123654,"pricePaid":8,"date":"4/17/2023, 9:49:42 PM"},{"storeID":98046,"salesPersonID":23,"CdID":654123,"pricePaid":8,"date":"4/17/2023, 9:49:56 PM"},{"storeID":98053,"salesPersonID":4,"CdID":321654,"pricePaid":8,"date":"4/17/2023, 9:49:51 PM"},{"storeID":98077,"salesPersonID":9,"CdID":321654,"pricePaid":5,"date":"4/17/2023, 9:49:39 PM"},{"storeID":98055,"salesPersonID":13,"CdID":543216,"pricePaid":11,"date":"4/17/2023, 9:49:53 PM"},{"storeID":98053,"salesPersonID":2,"CdID":321456,"pricePaid":14,"date":"4/17/2023, 9:49:50 PM"},{"storeID":98007,"salesPersonID":7,"CdID":123654,"pricePaid":15,"date":"4/17/2023, 9:49:55 PM"},{"storeID":98053,"salesPersonID":4,"CdID":654321,"pricePaid":10,"date":"4/17/2023, 9:49:53 PM"},{"storeID":98007,"salesPersonID":5,"CdID":123456,"pricePaid":15,"date":"4/17/2023, 9:49:52 PM"},{"storeID":98053,"salesPersonID":4,"CdID":621453,"pricePaid":19,"date":"4/17/2023, 9:49:51 PM"},{"storeID":98007,"salesPersonID":7,"CdID":621453,"pricePaid":12,"date":"4/17/2023, 9:49:54 PM"},{"storeID":98053,"salesPersonID":4,"CdID":123654,"pricePaid":17,"date":"4/17/2023, 9:49:38 PM"},{"storeID":98046,"salesPersonID":23,"CdID":321654,"pricePaid":16,"date":"4/17/2023, 9:49:49 PM"},{"storeID":98011,"salesPersonID":18,"CdID":321456,"pricePaid":7,"date":"4/17/2023, 9:49:56 PM"},{"storeID":98046,"salesPersonID":21,"CdID":123654,"pricePaid":8,"date":"4/17/2023, 9:49:38 PM"},{"storeID":98053,"salesPersonID":4,"CdID":321654,"pricePaid":14,"date":"4/17/2023, 9:49:53 PM"},{"storeID":98077,"salesPersonID":9,"CdID":123456,"pricePaid":13,"date":"4/17/2023, 9:49:51 PM"},{"storeID":98046,"salesPersonID":22,"CdID":654123,"pricePaid":17,"date":"4/17/2023, 9:50:03 PM"},{"storeID":98011,"salesPersonID":17,"CdID":123456,"pricePaid":9,"date":"4/17/2023, 9:49:37 PM"},{"storeID":98077,"salesPersonID":9,"CdID":623451,"pricePaid":11,"date":"4/17/2023, 9:49:54 PM"},{"storeID":98007,"salesPersonID":5,"CdID":621453,"pricePaid":9,"date":"4/17/2023, 9:49:52 PM"},{"storeID":98053,"salesPersonID":4,"CdID":621453,"pricePaid":7,"date":"4/17/2023, 9:49:38 PM"},{"storeID":98046,"salesPersonID":24,"CdID":654123,"pricePaid":15,"date":"4/17/2023, 9:49:54 PM"},{"storeID":98046,"salesPersonID":22,"CdID":321654,"pricePaid":15,"date":"4/17/2023, 9:50:04 PM"},{"storeID":98007,"salesPersonID":6,"CdID":321456,"pricePaid":9,"date":"4/17/2023, 9:50:01 PM"},{"storeID":98055,"salesPersonID":16,"CdID":654321,"pricePaid":15,"date":"4/17/2023, 9:49:51 PM"},{"storeID":98077,"salesPersonID":10,"CdID":543216,"pricePaid":18,"date":"4/17/2023, 9:49:51 PM"},{"storeID":98053,"salesPersonID":4,"CdID":543216,"pricePaid":14,"date":"4/17/2023, 9:49:55 PM"},{"storeID":98046,"salesPersonID":21,"CdID":321654,"pricePaid":9,"date":"4/17/2023, 9:50:00 PM"},{"storeID":98077,"salesPersonID":10,"CdID":321456,"pricePaid":16,"date":"4/17/2023, 9:49:55 PM"},{"storeID":98046,"salesPersonID":22,"CdID":321456,"pricePaid":11,"date":"4/17/2023, 9:49:54 PM"},{"storeID":98055,"salesPersonID":15,"CdID":321456,"pricePaid":5,"date":"4/17/2023, 9:49:42 PM"},{"storeID":98046,"salesPersonID":22,"CdID":654123,"pricePaid":13,"date":"4/17/2023, 9:49:54 PM"},{"storeID":98055,"salesPersonID":15,"CdID":321654,"pricePaid":15,"date":"4/17/2023, 9:49:45 PM"},{"storeID":98053,"salesPersonID":4,"CdID":123456,"pricePaid":17,"date":"4/17/2023, 9:49:37 PM"},{"storeID":98055,"salesPersonID":13,"CdID":123456,"pricePaid":15,"date":"4/17/2023, 9:49:35 PM"},{"storeID":98077,"salesPersonID":10,"CdID":543216,"pricePaid":5,"date":"4/17/2023, 9:49:44 PM"},{"storeID":98046,"salesPersonID":23,"CdID":123654,"pricePaid":10,"date":"4/17/2023, 9:49:59 PM"},{"storeID":98046,"salesPersonID":23,"CdID":123456,"pricePaid":18,"date":"4/17/2023, 9:49:55 PM"},{"storeID":98011,"salesPersonID":18,"CdID":621453,"pricePaid":9,"date":"4/17/2023, 9:49:40 PM"},{"storeID":98011,"salesPersonID":18,"CdID":123654,"pricePaid":8,"date":"4/17/2023, 9:49:39 PM"},{"storeID":98007,"salesPersonID":6,"CdID":654123,"pricePaid":6,"date":"4/17/2023, 9:49:48 PM"},{"storeID":98053,"salesPersonID":2,"CdID":621453,"pricePaid":19,"date":"4/17/2023, 9:49:37 PM"},{"storeID":98007,"salesPersonID":5,"CdID":654321,"pricePaid":10,"date":"4/17/2023, 9:49:46 PM"},{"storeID":98053,"salesPersonID":4,"CdID":654123,"pricePaid":9,"date":"4/17/2023, 9:49:54 PM"},{"storeID":98011,"salesPersonID":19,"CdID":621453,"pricePaid":14,"date":"4/17/2023, 9:49:50 PM"},{"storeID":98053,"salesPersonID":2,"CdID":321456,"pricePaid":8,"date":"4/17/2023, 9:49:50 PM"},{"storeID":98055,"salesPersonID":14,"CdID":123654,"pricePaid":14,"date":"4/17/2023, 9:49:46 PM"},{"storeID":98007,"salesPersonID":5,"CdID":354126,"pricePaid":5,"date":"4/17/2023, 9:49:59 PM"},{"storeID":98077,"salesPersonID":9,"CdID":123654,"pricePaid":17,"date":"4/17/2023, 9:49:52 PM"},{"storeID":98046,"salesPersonID":22,"CdID":543216,"pricePaid":12,"date":"4/17/2023, 9:49:37 PM"},{"storeID":98007,"salesPersonID":6,"CdID":321654,"pricePaid":8,"date":"4/17/2023, 9:49:52 PM"},{"storeID":98046,"salesPersonID":21,"CdID":354126,"pricePaid":10,"date":"4/17/2023, 9:49:45 PM"},{"storeID":98007,"salesPersonID":7,"CdID":123456,"pricePaid":5,"date":"4/17/2023, 9:49:36 PM"},{"storeID":98053,"salesPersonID":2,"CdID":321456,"pricePaid":10,"date":"4/17/2023, 9:50:04 PM"},{"storeID":98046,"salesPersonID":21,"CdID":654321,"pricePaid":7,"date":"4/17/2023, 9:49:52 PM"},{"storeID":98007,"salesPersonID":8,"CdID":321456,"pricePaid":13,"date":"4/17/2023, 9:49:39 PM"},{"storeID":98055,"salesPersonID":13,"CdID":654123,"pricePaid":7,"date":"4/17/2023, 9:49:54 PM"},{"storeID":98046,"salesPersonID":23,"CdID":621453,"pricePaid":7,"date":"4/17/2023, 9:50:02 PM"},{"storeID":98055,"salesPersonID":16,"CdID":321654,"pricePaid":9,"date":"4/17/2023, 9:49:37 PM"},{"storeID":98055,"salesPersonID":16,"CdID":621453,"pricePaid":11,"date":"4/17/2023, 9:50:00 PM"},{"storeID":98007,"salesPersonID":8,"CdID":123654,"pricePaid":8,"date":"4/17/2023, 9:49:52 PM"},{"storeID":98046,"salesPersonID":24,"CdID":543216,"pricePaid":11,"date":"4/17/2023, 9:49:39 PM"},{"storeID":98077,"salesPersonID":9,"CdID":123654,"pricePaid":6,"date":"4/17/2023, 9:49:46 PM"},{"storeID":98053,"salesPersonID":2,"CdID":321654,"pricePaid":17,"date":"4/17/2023, 9:49:38 PM"},{"storeID":98011,"salesPersonID":20,"CdID":654321,"pricePaid":13,"date":"4/17/2023, 9:49:41 PM"},{"storeID":98046,"salesPersonID":22,"CdID":321456,"pricePaid":13,"date":"4/17/2023, 9:49:51 PM"},{"storeID":98046,"salesPersonID":21,"CdID":543216,"pricePaid":17,"date":"4/17/2023, 9:49:42 PM"},{"storeID":98046,"salesPersonID":24,"CdID":543216,"pricePaid":19,"date":"4/17/2023, 9:49:41 PM"},{"storeID":98077,"salesPersonID":9,"CdID":354126,"pricePaid":19,"date":"4/17/2023, 9:49:45 PM"},{"storeID":98053,"salesPersonID":2,"CdID":321456,"pricePaid":19,"date":"4/17/2023, 9:49:42 PM"},{"storeID":98007,"salesPersonID":7,"CdID":621453,"pricePaid":10,"date":"4/17/2023, 9:49:37 PM"},{"storeID":98077,"salesPersonID":12,"CdID":123654,"pricePaid":13,"date":"4/17/2023, 9:49:42 PM"},{"storeID":98007,"salesPersonID":8,"CdID":123456,"pricePaid":6,"date":"4/17/2023, 9:50:01 PM"},{"storeID":98077,"salesPersonID":9,"CdID":321654,"pricePaid":16,"date":"4/17/2023, 9:49:36 PM"},{"storeID":98053,"salesPersonID":2,"CdID":621453,"pricePaid":10,"date":"4/17/2023, 9:49:46 PM"},{"storeID":98055,"salesPersonID":14,"CdID":354126,"pricePaid":15,"date":"4/17/2023, 9:49:49 PM"},{"storeID":98046,"salesPersonID":21,"CdID":123456,"pricePaid":15,"date":"4/17/2023, 9:49:54 PM"},{"storeID":98077,"salesPersonID":12,"CdID":543216,"pricePaid":6,"date":"4/17/2023, 9:49:49 PM"},{"storeID":98077,"salesPersonID":12,"CdID":621453,"pricePaid":13,"date":"4/17/2023, 9:49:52 PM"},{"storeID":98077,"salesPersonID":10,"CdID":321654,"pricePaid":11,"date":"4/17/2023, 9:50:00 PM"},{"storeID":98053,"salesPersonID":3,"CdID":123654,"pricePaid":6,"date":"4/17/2023, 9:49:37 PM"},{"storeID":98053,"salesPersonID":3,"CdID":654123,"pricePaid":5,"date":"4/17/2023, 9:49:38 PM"},{"storeID":98053,"salesPersonID":2,"CdID":321456,"pricePaid":6,"date":"4/17/2023, 9:49:37 PM"},{"storeID":98053,"salesPersonID":3,"CdID":654123,"pricePaid":8,"date":"4/17/2023, 9:49:39 PM"},{"storeID":98007,"salesPersonID":8,"CdID":621453,"pricePaid":11,"date":"4/17/2023, 9:50:01 PM"},{"storeID":98046,"salesPersonID":21,"CdID":543216,"pricePaid":13,"date":"4/17/2023, 9:49:58 PM"},{"storeID":98077,"salesPersonID":12,"CdID":623451,"pricePaid":6,"date":"4/17/2023, 9:49:38 PM"},{"storeID":98007,"salesPersonID":5,"CdID":654123,"pricePaid":8,"date":"4/17/2023, 9:50:02 PM"},{"storeID":98077,"salesPersonID":9,"CdID":123654,"pricePaid":18,"date":"4/17/2023, 9:49:37 PM"},{"storeID":98077,"salesPersonID":11,"CdID":621453,"pricePaid":6,"date":"4/17/2023, 9:49:36 PM"},{"storeID":98077,"salesPersonID":10,"CdID":543216,"pricePaid":14,"date":"4/17/2023, 9:49:51 PM"},{"storeID":98077,"salesPersonID":10,"CdID":123654,"pricePaid":19,"date":"4/17/2023, 9:49:58 PM"},{"storeID":98046,"salesPersonID":23,"CdID":321456,"pricePaid":9,"date":"4/17/2023, 9:49:36 PM"},{"storeID":98055,"salesPersonID":15,"CdID":621453,"pricePaid":16,"date":"4/17/2023, 9:49:48 PM"},{"storeID":98055,"salesPersonID":16,"CdID":621453,"pricePaid":18,"date":"4/17/2023, 9:49:41 PM"},{"storeID":98046,"salesPersonID":24,"CdID":321456,"pricePaid":15,"date":"4/17/2023, 9:49:36 PM"},{"storeID":98007,"salesPersonID":7,"CdID":621453,"pricePaid":12,"date":"4/17/2023, 9:49:47 PM"},{"storeID":98053,"salesPersonID":4,"CdID":123456,"pricePaid":8,"date":"4/17/2023, 9:49:52 PM"},{"storeID":98007,"salesPersonID":5,"CdID":654321,"pricePaid":15,"date":"4/17/2023, 9:49:41 PM"},{"storeID":98046,"salesPersonID":24,"CdID":621453,"pricePaid":9,"date":"4/17/2023, 9:50:02 PM"},{"storeID":98077,"salesPersonID":11,"CdID":621453,"pricePaid":12,"date":"4/17/2023, 9:49:59 PM"},{"storeID":98046,"salesPersonID":23,"CdID":654123,"pricePaid":11,"date":"4/17/2023, 9:49:51 PM"},{"storeID":98007,"salesPersonID":6,"CdID":123456,"pricePaid":12,"date":"4/17/2023, 9:50:04 PM"},{"storeID":98077,"salesPersonID":12,"CdID":321654,"pricePaid":17,"date":"4/17/2023, 9:49:49 PM"},{"storeID":98007,"salesPersonID":5,"CdID":654123,"pricePaid":6,"date":"4/17/2023, 9:49:41 PM"},{"storeID":98011,"salesPersonID":20,"CdID":623451,"pricePaid":19,"date":"4/17/2023, 9:49:59 PM"},{"storeID":98011,"salesPersonID":17,"CdID":654123,"pricePaid":14,"date":"4/17/2023, 9:49:56 PM"},{"storeID":98046,"salesPersonID":23,"CdID":654321,"pricePaid":9,"date":"4/17/2023, 9:49:36 PM"},{"storeID":98077,"salesPersonID":9,"CdID":623451,"pricePaid":6,"date":"4/17/2023, 9:50:05 PM"},{"storeID":98055,"salesPersonID":16,"CdID":123654,"pricePaid":18,"date":"4/17/2023, 9:49:37 PM"},{"storeID":98055,"salesPersonID":15,"CdID":623451,"pricePaid":13,"date":"4/17/2023, 9:50:03 PM"},{"storeID":98055,"salesPersonID":15,"CdID":321654,"pricePaid":16,"date":"4/17/2023, 9:49:42 PM"},{"storeID":98011,"salesPersonID":18,"CdID":123654,"pricePaid":7,"date":"4/17/2023, 9:49:52 PM"},{"storeID":98077,"salesPersonID":11,"CdID":623451,"pricePaid":18,"date":"4/17/2023, 9:49:52 PM"},{"storeID":98053,"salesPersonID":2,"CdID":123654,"pricePaid":13,"date":"4/17/2023, 9:49:55 PM"},{"storeID":98007,"salesPersonID":7,"CdID":321654,"pricePaid":12,"date":"4/17/2023, 9:50:01 PM"},{"storeID":98007,"salesPersonID":7,"CdID":623451,"pricePaid":8,"date":"4/17/2023, 9:49:37 PM"},{"storeID":98053,"salesPersonID":3,"CdID":623451,"pricePaid":18,"date":"4/17/2023, 9:50:02 PM"},{"storeID":98077,"salesPersonID":10,"CdID":321654,"pricePaid":12,"date":"4/17/2023, 9:49:40 PM"},{"storeID":98046,"salesPersonID":22,"CdID":123456,"pricePaid":6,"date":"4/17/2023, 9:49:35 PM"},{"storeID":98055,"salesPersonID":13,"CdID":123456,"pricePaid":7,"date":"4/17/2023, 9:49:50 PM"},{"storeID":98053,"salesPersonID":1,"CdID":321654,"pricePaid":14,"date":"4/17/2023, 9:49:55 PM"},{"storeID":98055,"salesPersonID":15,"CdID":654321,"pricePaid":17,"date":"4/17/2023, 9:50:01 PM"},{"storeID":98007,"salesPersonID":6,"CdID":321654,"pricePaid":10,"date":"4/17/2023, 9:49:57 PM"},{"storeID":98077,"salesPersonID":11,"CdID":321456,"pricePaid":9,"date":"4/17/2023, 9:49:57 PM"},{"storeID":98055,"salesPersonID":14,"CdID":354126,"pricePaid":7,"date":"4/17/2023, 9:49:44 PM"},{"storeID":98011,"salesPersonID":20,"CdID":354126,"pricePaid":9,"date":"4/17/2023, 9:49:53 PM"},{"storeID":98046,"salesPersonID":21,"CdID":654123,"pricePaid":10,"date":"4/17/2023, 9:49:58 PM"},{"storeID":98077,"salesPersonID":12,"CdID":321456,"pricePaid":15,"date":"4/17/2023, 9:49:36 PM"},{"storeID":98007,"salesPersonID":7,"CdID":623451,"pricePaid":9,"date":"4/17/2023, 9:49:46 PM"},{"storeID":98053,"salesPersonID":4,"CdID":621453,"pricePaid":5,"date":"4/17/2023, 9:49:49 PM"},{"storeID":98011,"salesPersonID":19,"CdID":543216,"pricePaid":15,"date":"4/17/2023, 9:49:48 PM"},{"storeID":98007,"salesPersonID":8,"CdID":543216,"pricePaid":8,"date":"4/17/2023, 9:50:02 PM"},{"storeID":98007,"salesPersonID":5,"CdID":623451,"pricePaid":13,"date":"4/17/2023, 9:49:44 PM"},{"storeID":98055,"salesPersonID":15,"CdID":321456,"pricePaid":16,"date":"4/17/2023, 9:49:43 PM"},{"storeID":98077,"salesPersonID":11,"CdID":623451,"pricePaid":10,"date":"4/17/2023, 9:49:52 PM"},{"storeID":98055,"salesPersonID":13,"CdID":654123,"pricePaid":12,"date":"4/17/2023, 9:49:38 PM"},{"storeID":98007,"salesPersonID":8,"CdID":321456,"pricePaid":8,"date":"4/17/2023, 9:49:36 PM"},{"storeID":98055,"salesPersonID":13,"CdID":123654,"pricePaid":16,"date":"4/17/2023, 9:49:46 PM"},{"storeID":98055,"salesPersonID":14,"CdID":623451,"pricePaid":18,"date":"4/17/2023, 9:49:52 PM"},{"storeID":98011,"salesPersonID":17,"CdID":123456,"pricePaid":6,"date":"4/17/2023, 9:50:02 PM"},{"storeID":98046,"salesPersonID":24,"CdID":654321,"pricePaid":18,"date":"4/17/2023, 9:50:01 PM"},{"storeID":98053,"salesPersonID":4,"CdID":123654,"pricePaid":9,"date":"4/17/2023, 9:49:46 PM"},{"storeID":98053,"salesPersonID":3,"CdID":123456,"pricePaid":16,"date":"4/17/2023, 9:49:44 PM"},{"storeID":98077,"salesPersonID":12,"CdID":623451,"pricePaid":19,"date":"4/17/2023, 9:50:00 PM"},{"storeID":98055,"salesPersonID":14,"CdID":543216,"pricePaid":14,"date":"4/17/2023, 9:49:58 PM"},{"storeID":98053,"salesPersonID":1,"CdID":654123,"pricePaid":17,"date":"4/17/2023, 9:49:38 PM"},{"storeID":98011,"salesPersonID":19,"CdID":654321,"pricePaid":18,"date":"4/17/2023, 9:50:00 PM"},{"storeID":98007,"salesPersonID":6,"CdID":623451,"pricePaid":16,"date":"4/17/2023, 9:49:38 PM"},{"storeID":98077,"salesPersonID":12,"CdID":654321,"pricePaid":10,"date":"4/17/2023, 9:49:45 PM"},{"storeID":98011,"salesPersonID":19,"CdID":623451,"pricePaid":6,"date":"4/17/2023, 9:49:36 PM"},{"storeID":98077,"salesPersonID":9,"CdID":354126,"pricePaid":6,"date":"4/17/2023, 9:49:49 PM"},{"storeID":98046,"salesPersonID":24,"CdID":621453,"pricePaid":10,"date":"4/17/2023, 9:49:49 PM"},{"storeID":98055,"salesPersonID":13,"CdID":654321,"pricePaid":7,"date":"4/17/2023, 9:49:35 PM"},{"storeID":98046,"salesPersonID":22,"CdID":623451,"pricePaid":15,"date":"4/17/2023, 9:49:49 PM"},{"storeID":98046,"salesPersonID":21,"CdID":123456,"pricePaid":14,"date":"4/17/2023, 9:49:50 PM"},{"storeID":98007,"salesPersonID":5,"CdID":321456,"pricePaid":7,"date":"4/17/2023, 9:49:45 PM"},{"storeID":98046,"salesPersonID":23,"CdID":321456,"pricePaid":13,"date":"4/17/2023, 9:49:39 PM"},{"storeID":98077,"salesPersonID":11,"CdID":654321,"pricePaid":11,"date":"4/17/2023, 9:49:55 PM"},{"storeID":98011,"salesPersonID":20,"CdID":123456,"pricePaid":17,"date":"4/17/2023, 9:49:54 PM"},{"storeID":98007,"salesPersonID":7,"CdID":623451,"pricePaid":14,"date":"4/17/2023, 9:49:50 PM"},{"storeID":98007,"salesPersonID":7,"CdID":623451,"pricePaid":7,"date":"4/17/2023, 9:49:53 PM"},{"storeID":98077,"salesPersonID":9,"CdID":654123,"pricePaid":19,"date":"4/17/2023, 9:49:49 PM"},{"storeID":98077,"salesPersonID":10,"CdID":654321,"pricePaid":7,"date":"4/17/2023, 9:49:39 PM"},{"storeID":98007,"salesPersonID":6,"CdID":321654,"pricePaid":10,"date":"4/17/2023, 9:49:45 PM"},{"storeID":98007,"salesPersonID":8,"CdID":321456,"pricePaid":19,"date":"4/17/2023, 9:49:45 PM"},{"storeID":98055,"salesPersonID":16,"CdID":623451,"pricePaid":7,"date":"4/17/2023, 9:50:01 PM"},{"storeID":98007,"salesPersonID":6,"CdID":321654,"pricePaid":17,"date":"4/17/2023, 9:49:56 PM"},{"storeID":98055,"salesPersonID":13,"CdID":623451,"pricePaid":16,"date":"4/17/2023, 9:50:02 PM"},{"storeID":98077,"salesPersonID":10,"CdID":321456,"pricePaid":18,"date":"4/17/2023, 9:49:55 PM"},{"storeID":98007,"salesPersonID":7,"CdID":354126,"pricePaid":12,"date":"4/17/2023, 9:50:05 PM"},{"storeID":98055,"salesPersonID":16,"CdID":321654,"pricePaid":14,"date":"4/17/2023, 9:49:39 PM"},{"storeID":98011,"salesPersonID":17,"CdID":354126,"pricePaid":16,"date":"4/17/2023, 9:50:03 PM"},{"storeID":98046,"salesPersonID":21,"CdID":123654,"pricePaid":17,"date":"4/17/2023, 9:49:35 PM"},{"storeID":98011,"salesPersonID":19,"CdID":321456,"pricePaid":13,"date":"4/17/2023, 9:49:38 PM"},{"storeID":98046,"salesPersonID":22,"CdID":623451,"pricePaid":12,"date":"4/17/2023, 9:49:39 PM"},{"storeID":98055,"salesPersonID":13,"CdID":623451,"pricePaid":17,"date":"4/17/2023, 9:50:02 PM"},{"storeID":98055,"salesPersonID":16,"CdID":543216,"pricePaid":7,"date":"4/17/2023, 9:49:42 PM"},{"storeID":98055,"salesPersonID":15,"CdID":321456,"pricePaid":13,"date":"4/17/2023, 9:49:46 PM"},{"storeID":98046,"salesPersonID":22,"CdID":354126,"pricePaid":12,"date":"4/17/2023, 9:49:59 PM"},{"storeID":98055,"salesPersonID":16,"CdID":543216,"pricePaid":11,"date":"4/17/2023, 9:49:41 PM"},{"storeID":98011,"salesPersonID":20,"CdID":354126,"pricePaid":14,"date":"4/17/2023, 9:49:58 PM"},{"storeID":98007,"salesPersonID":6,"CdID":321654,"pricePaid":9,"date":"4/17/2023, 9:49:54 PM"},{"storeID":98011,"salesPersonID":18,"CdID":623451,"pricePaid":6,"date":"4/17/2023, 9:49:44 PM"},{"storeID":98007,"salesPersonID":6,"CdID":654123,"pricePaid":7,"date":"4/17/2023, 9:49:50 PM"},{"storeID":98011,"salesPersonID":20,"CdID":621453,"pricePaid":12,"date":"4/17/2023, 9:50:04 PM"},{"storeID":98077,"salesPersonID":12,"CdID":623451,"pricePaid":5,"date":"4/17/2023, 9:49:58 PM"},{"storeID":98007,"salesPersonID":7,"CdID":123456,"pricePaid":13,"date":"4/17/2023, 9:49:52 PM"},{"storeID":98011,"salesPersonID":20,"CdID":543216,"pricePaid":13,"date":"4/17/2023, 9:49:46 PM"},{"storeID":98046,"salesPersonID":24,"CdID":654123,"pricePaid":18,"date":"4/17/2023, 9:49:37 PM"},{"storeID":98007,"salesPersonID":7,"CdID":654123,"pricePaid":11,"date":"4/17/2023, 9:49:55 PM"},{"storeID":98046,"salesPersonID":23,"CdID":123654,"pricePaid":16,"date":"4/17/2023, 9:49:56 PM"},{"storeID":98011,"salesPersonID":19,"CdID":654321,"pricePaid":15,"date":"4/17/2023, 9:49:49 PM"},{"storeID":98053,"salesPersonID":2,"CdID":354126,"pricePaid":16,"date":"4/17/2023, 9:49:59 PM"},{"storeID":98055,"salesPersonID":13,"CdID":623451,"pricePaid":10,"date":"4/17/2023, 9:49:54 PM"},{"storeID":98077,"salesPersonID":11,"CdID":654321,"pricePaid":11,"date":"4/17/2023, 9:49:59 PM"},{"storeID":98055,"salesPersonID":14,"CdID":543216,"pricePaid":15,"date":"4/17/2023, 9:49:55 PM"},{"storeID":98053,"salesPersonID":3,"CdID":354126,"pricePaid":17,"date":"4/17/2023, 9:49:54 PM"},{"storeID":98007,"salesPersonID":5,"CdID":123456,"pricePaid":8,"date":"4/17/2023, 9:49:42 PM"},{"storeID":98077,"salesPersonID":12,"CdID":621453,"pricePaid":10,"date":"4/17/2023, 9:50:04 PM"},{"storeID":98077,"salesPersonID":12,"CdID":123456,"pricePaid":9,"date":"4/17/2023, 9:49:53 PM"},{"storeID":98077,"salesPersonID":12,"CdID":354126,"pricePaid":5,"date":"4/17/2023, 9:50:01 PM"},{"storeID":98053,"salesPersonID":4,"CdID":321654,"pricePaid":17,"date":"4/17/2023, 9:50:04 PM"},{"storeID":98046,"salesPersonID":23,"CdID":654321,"pricePaid":12,"date":"4/17/2023, 9:50:04 PM"},{"storeID":98046,"salesPersonID":21,"CdID":654123,"pricePaid":14,"date":"4/17/2023, 9:49:58 PM"},{"storeID":98007,"salesPersonID":8,"CdID":621453,"pricePaid":8,"date":"4/17/2023, 9:50:00 PM"},{"storeID":98053,"salesPersonID":2,"CdID":321456,"pricePaid":10,"date":"4/17/2023, 9:50:05 PM"},{"storeID":98007,"salesPersonID":8,"CdID":123654,"pricePaid":14,"date":"4/17/2023, 9:49:43 PM"},{"storeID":98011,"salesPersonID":20,"CdID":623451,"pricePaid":6,"date":"4/17/2023, 9:49:41 PM"},{"storeID":98055,"salesPersonID":14,"CdID":654321,"pricePaid":7,"date":"4/17/2023, 9:49:53 PM"},{"storeID":98053,"salesPersonID":4,"CdID":321456,"pricePaid":18,"date":"4/17/2023, 9:49:59 PM"},{"storeID":98007,"salesPersonID":7,"CdID":543216,"pricePaid":12,"date":"4/17/2023, 9:49:48 PM"},{"storeID":98011,"salesPersonID":17,"CdID":321654,"pricePaid":12,"date":"4/17/2023, 9:49:50 PM"},{"storeID":98046,"salesPersonID":24,"CdID":621453,"pricePaid":18,"date":"4/17/2023, 9:49:46 PM"},{"storeID":98055,"salesPersonID":13,"CdID":654321,"pricePaid":6,"date":"4/17/2023, 9:50:03 PM"},{"storeID":98055,"salesPersonID":14,"CdID":321456,"pricePaid":18,"date":"4/17/2023, 9:49:55 PM"},{"storeID":98046,"salesPersonID":23,"CdID":621453,"pricePaid":12,"date":"4/17/2023, 9:49:48 PM"},{"storeID":98011,"salesPersonID":17,"CdID":654123,"pricePaid":15,"date":"4/17/2023, 9:49:59 PM"},{"storeID":98077,"salesPersonID":10,"CdID":354126,"pricePaid":18,"date":"4/17/2023, 9:49:49 PM"},{"storeID":98007,"salesPersonID":8,"CdID":123654,"pricePaid":8,"date":"4/17/2023, 9:49:43 PM"},{"storeID":98055,"salesPersonID":15,"CdID":354126,"pricePaid":8,"date":"4/17/2023, 9:49:42 PM"},{"storeID":98077,"salesPersonID":11,"CdID":621453,"pricePaid":7,"date":"4/17/2023, 9:49:44 PM"},{"storeID":98007,"salesPersonID":7,"CdID":623451,"pricePaid":16,"date":"4/17/2023, 9:49:45 PM"},{"storeID":98046,"salesPersonID":21,"CdID":654321,"pricePaid":5,"date":"4/17/2023, 9:49:53 PM"},{"storeID":98077,"salesPersonID":9,"CdID":321456,"pricePaid":12,"date":"4/17/2023, 9:49:45 PM"},{"storeID":98053,"salesPersonID":3,"CdID":621453,"pricePaid":10,"date":"4/17/2023, 9:49:41 PM"},{"storeID":98007,"salesPersonID":7,"CdID":623451,"pricePaid":14,"date":"4/17/2023, 9:49:43 PM"},{"storeID":98046,"salesPersonID":21,"CdID":123456,"pricePaid":18,"date":"4/17/2023, 9:49:51 PM"},{"storeID":98011,"salesPersonID":18,"CdID":354126,"pricePaid":7,"date":"4/17/2023, 9:49:40 PM"},{"storeID":98055,"salesPersonID":16,"CdID":623451,"pricePaid":12,"date":"4/17/2023, 9:49:50 PM"},{"storeID":98077,"salesPersonID":9,"CdID":321654,"pricePaid":11,"date":"4/17/2023, 9:49:52 PM"},{"storeID":98077,"salesPersonID":10,"CdID":543216,"pricePaid":19,"date":"4/17/2023, 9:49:35 PM"},{"storeID":98046,"salesPersonID":23,"CdID":623451,"pricePaid":11,"date":"4/17/2023, 9:49:36 PM"},{"storeID":98011,"salesPersonID":18,"CdID":123654,"pricePaid":19,"date":"4/17/2023, 9:49:38 PM"},{"storeID":98055,"salesPersonID":13,"CdID":321654,"pricePaid":6,"date":"4/17/2023, 9:49:58 PM"},{"storeID":98046,"salesPersonID":22,"CdID":621453,"pricePaid":11,"date":"4/17/2023, 9:49:47 PM"},{"storeID":98011,"salesPersonID":20,"CdID":543216,"pricePaid":14,"date":"4/17/2023, 9:49:53 PM"},{"storeID":98055,"salesPersonID":15,"CdID":123456,"pricePaid":5,"date":"4/17/2023, 9:49:57 PM"},{"storeID":98046,"salesPersonID":24,"CdID":543216,"pricePaid":15,"date":"4/17/2023, 9:49:37 PM"},{"storeID":98077,"salesPersonID":9,"CdID":654123,"pricePaid":6,"date":"4/17/2023, 9:49:59 PM"},{"storeID":98077,"salesPersonID":11,"CdID":123456,"pricePaid":17,"date":"4/17/2023, 9:49:48 PM"},{"storeID":98046,"salesPersonID":24,"CdID":654321,"pricePaid":13,"date":"4/17/2023, 9:50:04 PM"},{"storeID":98007,"salesPersonID":7,"CdID":321456,"pricePaid":12,"date":"4/17/2023, 9:50:02 PM"},{"storeID":98053,"salesPersonID":1,"CdID":321654,"pricePaid":16,"date":"4/17/2023, 9:50:01 PM"},{"storeID":98046,"salesPersonID":24,"CdID":321456,"pricePaid":6,"date":"4/17/2023, 9:49:43 PM"},{"storeID":98053,"salesPersonID":2,"CdID":543216,"pricePaid":5,"date":"4/17/2023, 9:49:36 PM"},{"storeID":98055,"salesPersonID":15,"CdID":623451,"pricePaid":18,"date":"4/17/2023, 9:49:38 PM"},{"storeID":98053,"salesPersonID":3,"CdID":654321,"pricePaid":14,"date":"4/17/2023, 9:49:40 PM"},{"storeID":98007,"salesPersonID":8,"CdID":321654,"pricePaid":13,"date":"4/17/2023, 9:49:43 PM"}]